name,uce,start_pos,end_pos,length,sequence
NC_000016.9 | FTO | UCE0001 | 53756950 | 53757285 | 336,UCE0001,53756950,53757285,336,AAGTTACTTTAGTGTAACTGCTGCTGTCACCTTTGCCCTTAGCTAATCAAATAGTTTACCTTGAGGGAAGCATTTATCTCCCACTTTCATTATTATTATTTTTGTAGCTGTAAAGATATATATTTTATGTCTGCAGAAGGCTGTAACAGTGAAACGAGGTATTGATCTGCTGTATTTAGCAATTTCTTTCCACCTTGCCATCAATAGCATGTCAGCATCTGTCTGTACCGTGGTTGACCTCACAAATAGCTCTTTATGCTCCCATTGGATTCAAATGATATAGTATGCTGAAAACTAAATCAATGAATGATTATAAAGTTTTTAGTATTATTTCAT
NC_000016.9 | FTO | UCE0002 | 53929295 | 53929573 | 279,UCE0002,53929295,53929573,279,CGAAAGCACAAAGGACTGTGTTTATGATTCTCTTTGAAGTGTTTTTGCAACTGGATAAGGAAAATTTTAGAAACCGTCTGATAGTGTTCAGGGTAAATACTTAAACCCCTTTAGAGAATTTCACACACAGATACTGTGCAGCAGAAAAAAGGGATACTTATGTTTCTTAAAGCTGCTACAGCCTACAGCTTTGTACTTAAAGACAGAGGTGTTGAATAGAATTCTACTGAGGATACATCCAGTGACAGTATCTCCAGGAACATCAGAGCAAACCAGTGG
NC_000016.9 | FTO | UCE0003 | 53957123 | 53957516 | 394,UCE0003,53957123,53957516,394,AGTAGTTAATGTACTGTATGTGAAAGATTTAAGACTGGTTGGAAAGCTCTGCTTCTGTTTTATTAGGCTGCTATTGAAAAGCCAACAGCATAACTTCGACTAGGTGCTTTGAGATTTCTTAATGGGCTGTCAGGGGCAAGACACCAGGGCTGTGCTATACTAGCTCTTTCCTGTACATTAAAACAACAGGGGCCAAACGATCACATACAGAAGTATGAATTACTTGATGCTTTCTCTGTTCCATATGGCCAGCCATGTCTTTGGCAATTAATCATGTACAAAATCAGTCGAGTGCTCTCTGAAGCATTGAAGTCAACATTTAGTTGTACCTGTGCCAGTAGGGGCAGTGGGGTTGCAGGCGTAAAATAGCAGGATGAGGGGCTGCTGGCGCCAA
NC_000016.9 | FTO | UCE0004 | 54020764 | 54020989 | 226,UCE0004,54020764,54020989,226,AAAGACCAACTCAAATTCTGTCTGCTGTAGCTTTGATCCTTTTCATTTAATTCTAAGTACACTTGTTATTATAGTAACTGTTGTTTGTATGTTATTTTAGCTTTTTACTTAAGTAGCTATTTAGCAATTTAAATGAAAATGTAATTAGGTTACATCTGTTTTACATGCATGTAATACCACGCAGATGTAAACTTCTATTAAAGCCATATTTTCTTTTTGGCAAGAA
NC_000016.9 | FTO | UCE0005 | 54056490 | 54056818 | 329,UCE0005,54056490,54056818,329,TGTTCATTACTGCTCAAGTGACGGCTTGTCAATAGCAGTGCTTTTTAGTTTGTTCTAGTCAGCACTTGCTGTGCATTTTGTTGGACCACTGGGAAATAAATACAACAAGATTATACATTTGGAATACCACAAGAGTTCACAAAAAAAACCACAAATGATAAATTATACACTTGGTAGAAAGTGACATGCTATCTTGTGCTATTAACAACCAAAGATAATTGCAACGAATTGTAATTGCAGTTTGCAACTTACAGTACAGTGTGTCCAACATCAATCTTAATAGTGAACAAAGCAATTTATATTAAAACTTAATTCACTTGGTAACTTTC
NC_000016.9 | FTO | UCE0006 | 54093096 | 54093465 | 370,UCE0006,54093096,54093465,370,ATTTACCTTGCAGCCGAGTGAAAAATGATCAGAATATTAGACTCATCTAGCCCACATTAAGGAGCCATTGCATTTCCCGACAATTGTATGCTATCTCAATATGAAAACAGAGCAATTTCAACTCATATCAGGTTATGATCGGCAATTACAGTTGCATAATTCACCTAGTCATCTCTTTGCAGGGCCTTTATTTTCCCTCTTGGTGACATTCCTGAGAAAGTGCCTGATAAAAATGTCATATATCATCCCAGCTTTAGAACTCGTGAGGGGGTAATCTGCTATGCCTTGCTGAGCCCATATTCATCACTGGATTTTTGACTTGGAGGGGTCATGGCACTCATAATTTCCTGTTTGATATTGTCCTCACCAG
NC_000016.9 | FTO | UCE0007 | 54093563 | 54093797 | 235,UCE0007,54093563,54093797,235,ATGCTGGAGTTGGCCGTTTCGAAGATAATTAGATTTGATGTCAACATTTCTTTATCACCTGCATCCTTTTGTGCATCTGTGTGTCAAGTTGTTCTTTCCGGATTTATTAGCACCCTCAGAGCTACTCTCTATCTGTCAGCTTGTGTGCTGTTTGTGTTGACAGTTGTAAAGTTAATTACTAGTACTAATGAGCATCGGGCTTTTGGTGGACATGGCGTTTTGGACATTTAAAACT
NC_000016.9 | FTO | UCE0008 | 54101268 | 54101623 | 356,UCE0008,54101268,54101623,356,CTAAATTAAGCTAGCTATTGCTGGAGAGTGGATAAGCGGCCATTATGAATTATCCTTAATTATAGCGATTTCCTAAACTAATAAACCTGCTAAATCTTTATTGCAAAGGTTAGTTTACGCAGTGCATATAAAATCCGCATGTGCTCCGCATCAGCCACCAGCTGTCTGACAGTGTGTTGCTATTGCAGTGAGTGTTCACATAAATTTTATGTTGGTTATATTAACAGTCCGTCCATATCACTACCCACAGATGCCAGTAGACATAAAAATTGCTCTCTAGTGAGCCTAAATATCCCTAGAAGCTAGTTGTGTCTAATGTTCCATGTAGTATTTGAACGTGAAAGCACCAGATTGGA
NC_000016.9 | FTO | UCE0009 | 54127008 | 54127377 | 370,UCE0009,54127008,54127377,370,CAGGAACACTGTCCTGGGACCCATCCATTCATGCCACACAGGCAGGCCACTTGCTGATGGCACTTACGCATCCAACCCTGGCCCCGGAACTTACTGGCGGATGCCTTTGGGCACTAGGACCTTTGCGAGTCAGTCTCCTGCTAGAAAGAACAGTTTAAATTAGGAATAGCAAGTTCTCCAAGTCTCACAGTCTCGCCCGAGCTAACCTATCAGCTAGCGCGGCAGAAAACGCATAATGGAGCCTCCGTAAAGTATTCTGTGCCAACTCCCAGGTGGTCTCAGCTGCAGAACTGTTCTTCCAAAAAGTGTAAATTCTAACTTAGCAGTCTGCTGAGAAGCCCAGCTCCCTGGCAGGCCGGGCACGGGGCAG
NC_000016.9 | FTO | UCE0010 | 54144134 | 54144343 | 210,UCE0010,54144134,54144343,210,AGCTTATCAGTGCAAACAGTTTAATATTTATGCTAAGAGGATTGTCAAAAGCAGCTTCTGTTGCTTTAATTCTTGTTTTAAATAAATAATGAGAACATTTAAACACATTACTCTTCTTGGGGCCCCGGGGTCAGCTAATCTTATTATTTATGAAGTGATGTGCTACATAATAGTACTTAGTGCATGTTAACAGACGCTATTATCAGGGCC
